Name,Country,Latitude,Longitude,crimeIndex,population
United Arab Emirates,AE,23.424076,53.847818,15.23,9441.129
Afghanistan,AF,33.93911,67.709953,76.31,41128.771
Albania,AL,41.153332,20.168331,42.53,2842.321
Armenia,AM,40.069099,45.038189,22.79,2780.469
Angola,AO,-11.202692,17.873887,66.48,35588.987
Argentina,AR,-38.416097,-63.616672,63.82,45510.318
Austria,AT,47.516231,14.550072,25.54,8939.617
Australia,AU,-25.274398,133.775136,43.03,26177.413
Azerbaijan,AZ,40.143105,47.576927,32.02,10358.074
Bosnia And Herzegovina,BA,43.915886,17.679076,42.99,3233.526
Bangladesh,BD,23.684994,90.356331,63.9,171186.372
Belgium,BE,50.503887,4.469936,44.58,11655.93
Bulgaria,BG,42.733883,25.48583,38.21,6781.953
Bahrain,BH,25.930414,50.637772,25.64,1472.233
Brunei,BN,4.535277,114.727669,29,449.002
Bolivia,BO,-16.290154,-63.588653,57.77,12224.11
Brazil,BR,-14.235004,-51.92528,67.49,215313.498
Bahamas,BS,25.03428,-77.39628,62.06,409.984
Botswana,BW,-22.328474,24.684866,52.98,2630.296
Belarus,BY,53.709807,27.953389,59.58,9534.954
Belize,BZ,17.189877,-88.49765,50.39,405.272
Canada,CA,56.130366,-106.346771,41.89,38454.327
Switzerland,CH,46.818188,8.227512,21.62,8740.472
Chile,CL,-35.675147,-71.542969,53.42,19603.733
Cameroon,CM,7.369722,12.354722,65.24,27914.536
China,CN,35.86166,104.195397,30.14,1425887.337
Colombia,CO,4.570868,-74.297333,56.87,51874.024
Costa Rica,CR,9.748917,-83.753428,54.22,5180.829
Cuba,CU,21.521757,-77.781167,28.33,11212.191
Cyprus,CY,35.126413,33.429859,31.28,1251.488
Czech Republic,CZ,49.817492,15.472962,25.52,10493.986
Germany,DE,51.165691,10.451526,35.79,83369.843
Denmark,DK,56.26392,9.501785,26.22,5882.261
Dominican Republic,DO,18.735693,-70.162651,61.02,11228.821
Algeria,DZ,28.033886,1.659626,52.03,44903.225
Ecuador,EC,-1.831239,-78.183406,55.23,18001
Estonia,EE,58.595272,25.013607,23.71,1326.062
Egypt,EG,26.820553,30.802498,46.83,110990.103
Spain,ES,40.463667,-3.74922,33.32,47558.63
Ethiopia,ET,9.145,40.489673,49.3,123379.924
Finland,FI,61.92411,25.748151,27.59,5540.745
Fiji,FJ,-16.578193,179.414413,57.62,929.766
France,FR,46.227638,2.213749,51.99,64626.628
United Kingdom,GB,55.378051,-3.435973,46.07,67508.936
Georgia,GE,42.315407,43.356892,23.38,3744.385
Ghana,GH,7.946527,-1.023194,46.98,33475.87
Greece,GR,39.074208,21.824312,45.85,10384.971
Guatemala,GT,15.783471,-90.230759,58.67,17843.908
Guyana,GY,4.860416,-58.93018,68.74,808.726
Hong Kong,HK,22.396428,114.109497,22,7488.865
Honduras,HN,15.199999,-86.241905,74.54,10432.86
Croatia,HR,45.1,15.2,24.59,4030.358
Hungary,HU,47.162494,19.503304,34.36,9967.308
Indonesia,ID,-0.789275,113.921327,45.93,275501.339
Ireland,IE,53.41291,-8.24389,45.51,5023.109
Israel,IL,31.046051,34.851612,31.47,9038.309
Isle Of Man,IM,54.236107,-4.548056,19.25,84.519
India,IN,20.593684,78.96288,44.43,1417173.173
Iraq,IQ,33.223191,43.679291,48.42,44496.122
Iran,IR,32.427908,53.688046,49.38,88550.57
Iceland,IS,64.963051,-19.020835,23.75,372.899
Italy,IT,41.87194,12.56738,44.85,59037.474
Jamaica,JM,18.109581,-77.297508,67.42,2827.377
Jordan,JO,30.585164,36.238414,39.96,11285.869
Japan,JP,36.204824,138.252924,22.19,123951.692
Kenya,KE,-0.023559,37.906193,60.14,54027.487
Kyrgyzstan,KG,41.20438,74.766098,56.87,6630.623
Cambodia,KH,12.565679,104.990963,51.13,16767.842
South Korea,KR,35.907757,127.766922,26.68,51815.81
Kuwait,KW,29.31166,47.481766,33.42,4268.873
Kazakhstan,KZ,48.019573,66.923684,53.77,19397.998
Lebanon,LB,33.854721,35.862285,46.77,5489.739
Sri Lanka,LK,7.873054,80.771797,41.39,21832.143
Lithuania,LT,55.169438,23.881275,33.42,2750.055
Luxembourg,LU,49.815273,6.129583,34.13,647.599
Latvia,LV,56.879635,24.603189,38.77,1850.651
Libya,LY,26.3351,17.228331,61.78,6812.341
Morocco,MA,31.791702,-7.09262,48.66,37457.971
Moldova,MD,47.411631,28.369885,46.35,3272.996
Montenegro,ME,42.708678,19.37439,41.18,627.082
North Macedonia,MK,41.608635,21.745275,39.12,2093.599
Myanmar,MM,21.913965,95.956223,46.51,54179.306
Mongolia,MN,46.862496,103.846656,56.01,3398.366
Malta,MT,35.937496,14.375416,40.39,533.286
Mauritius,MU,-20.348404,57.552152,48.88,1299.469
Maldives,MV,3.202778,73.22068,55.34,523.787
Mexico,MX,23.634501,-102.552784,54.19,127504.125
Malaysia,MY,4.210484,101.975766,57.29,33938.221
Namibia,NA,-22.95764,18.49041,65.21,2567.012
Nigeria,NG,9.081999,8.675277,64.06,218541.212
Nicaragua,NI,12.865416,-85.207229,47.89,6948.392
Netherlands,NL,52.132633,5.291266,27.16,17564.014
Norway,NO,60.472024,8.468946,33.72,5434.319
Nepal,NP,28.394857,84.124008,36.01,30547.58
New Zealand,NZ,-40.900557,174.885971,42.88,5185.288
Oman,OM,21.512583,55.923255,20.34,4576.298
Panama,PA,8.537981,-80.782127,45.15,4408.581
Peru,PE,-9.189967,-75.015152,66.72,34049.588
Papua New Guinea,PG,-6.314993,143.95555,80.79,10142.619
Philippines,PH,12.879721,121.774017,42.46,115559.009
Pakistan,PK,30.375321,69.345116,42.51,235824.862
Poland,PL,51.919438,19.145136,30.5,39857.145
Puerto Rico,PR,18.220833,-66.590149,62.84,3252.407
Palestine,PS,31.952162,35.233154,43.74,5250.072
Portugal,PT,39.399872,-8.224454,29.91,10270.865
Paraguay,PY,-23.442503,-58.443832,49.37,6780.744
Qatar,QA,25.354826,51.183884,12.13,2695.122
Romania,RO,45.943161,24.96676,28.3,19659.267
Serbia,RS,44.016521,21.005859,38.1,7221.365
Russia,RU,61.52401,105.318756,39.99,144713.314
Rwanda,RW,-1.940278,29.873888,24.89,13776.698
Saudi Arabia,SA,23.885942,45.079162,25.23,36408.82
Sudan,SD,12.862807,30.217636,42.34,46874.204
Sweden,SE,60.128161,18.643501,48,10549.347
Singapore,SG,1.352083,103.819836,27.96,5975.689
Slovenia,SI,46.151241,14.995463,22.28,2119.844
Slovakia,SK,48.669026,19.699024,30.37,5643.453
Somalia,SO,5.152149,46.199616,56.04,17597.511
El Salvador,SV,13.794185,-88.89653,67.79,6336.392
Syria,SY,34.802075,38.996815,67.18,22125.249
Thailand,TH,15.870032,100.992541,39.35,71697.03
Tunisia,TN,33.886917,9.537499,43.69,12356.117
Turkey,TR,38.963745,35.243322,39.62,85341.241
Trinidad And Tobago,TT,10.691803,-61.222503,71.63,1531.044
Taiwan,TW,23.69781,120.960515,15.46,23893.394
Tanzania,TZ,-6.369028,34.888822,56,65497.748
Ukraine,UA,48.379433,31.16558,47.42,39701.739
Uganda,UG,1.373333,32.290275,56.12,47249.585
United States of America,US,37.09024,-95.712891,47.81,338289.857
Uruguay,UY,-32.522779,-55.765835,51.73,3422.794
Uzbekistan,UZ,41.377491,64.585262,33.42,34627.652
Venezuela,VE,6.42375,-66.58973,83.76,28301.696
Vietnam,VN,14.058324,108.277199,46.19,98186.856
South Africa,ZA,-30.559482,22.937506,76.86,59893.885
Zambia,ZM,-13.133897,27.849332,43.62,20017.675
Zimbabwe,ZW,-19.015438,29.154857,59.3,16320.537
